item_id_A,item_id_B
363563,
1925135,
2231231,
2231235,
2756078,
2231236,
2231238,
957447,88858
2231242,
363636,96393
2078417,
2057754,948999
2269660,952382
2074479,
1936535,
1922008,
2231252,
1936898,112752
1936863,948729
2064046,
2788358,97857
2113122,
2788360,114257
2788359,
957521,
373667,
957522,
2231268,
2231269,
283870,
2231271,
2082995,
2055793,
2199417,
1927870,
2108915,
2100275,
2200175,
2231272,
2231273,
1949050,
2231280,
2231284,
283944,91868
2231288,
2231287,
2231286,
2231290,
2231291,
2066419,99268
2200960,
2082782,958549
2231305,
2231302,
2231310,
2231308,
2756266,
2231312,
2756267,
2231320,
2231321,
2231316,
2231314,
2231327,
2231329,
2756269,
2756272,
2756270,
2756271,
2756273,
2231335,
2231332,
2231338,
2231336,
2199850,
2074397,
2756276,
2231343,
2231355,
2231350,
2231353,
2231352,
284080,
2201179,
2199950,
2231358,
2201182,
2675800,
1940072,
957589,88850
2231372,
2231373,
2231367,
1919554,
2231375,
2231379,
2231377,
2231384,
2231383,
2231392,
2231387,
2231394,
2231389,
2231395,
2231398,
2231399,
2231402,
2231404,
2231408,
2231405,
284406,
2231414,
2231415,
2083926,
2194298,
2231422,
2200643,1086986
2231421,
2231423,
2231427,
2231428,
957634,
2253743,
2218528,
2231435,
2231436,
2247187,
2231439,
2193913,91509
2221487,
2231446,
2119978,
2231452,
2231448,
2236574,
2262557,98623
2207770,
2230667,
2239519,
2199995,
957719,
957742,
957758,89064
957826,88618
2227070,
2231486,
2248595,
2256038,
2231491,
2231497,
2231500,
2231498,
2214289,
2235047,
2235045,112603
2075942,
2260135,
2231503,
2241920,
2231515,
2231517,
2202778,
2118132,
2231523,
2198560,
2199921,105892
2252989,
2056020,97535
2231529,
2231526,
2753571,
2232768,
2267575,
2757624,
2237552,
2245935,
2215065,
2249370,
2253752,
1922293,
2231539,
2231540,
2244069,
2246478,1085185
2082638,96520
2231545,
2231544,
2231543,
2757625,
957858,1083932
2066107,89102
2059004,
1947477,
2200135,
2271067,
2788378,
1941580,
2230225,
2788379,
2227851,1084501
2788380,
2788381,
2231547,
2788382,
2255812,
2788383,
2788384,
2788385,
2788388,
957883,
374979,115818
957944,1087884
2231554,
2231558,
2231560,
2231564,
2756283,
2756284,
2231575,
2231574,
2231571,
2231572,
2231580,
2794301,100584
2259553,
2794302,105748
2231592,
2219651,
2231603,
2231598,
283016,
2231604,
2231605,
283021,100568
283170,
2231624,
2231627,
2231629,
2064229,
2231628,
2231626,
2231920,
2231634,
2231641,
2231647,
2231637,
283220,92472
2231651,
2231649,
2231655,
2231654,
2231667,
2231665,
2231666,
1952097,1086144
283221,92825
2231674,
2231672,
2231677,
2231676,
2231678,
2674514,106883
2231685,
2231683,
2231684,
2231693,
2231699,
2756227,
2231703,
2231706,
2231705,
2231704,
363828,
2065838,2683840
2231718,
2231715,
2127637,104134
2214439,
1932828,
2067285,
2392084,
2231735,
2231736,
2392101,
2054486,98196
2231742,
2231741,
2091380,
2386147,
283739,
1947372,
283841,104363
2231749,
2231747,
365402,1858047
2231760,
2231765,
2231767,
2231766,
361763,91743
2199280,
584325,
284061,97049
2386162,
2385386,
2085665,
2386165,
284215,99207
2068334,
284408,91812
957639,1087859
2081458,
284532,104954
2052456,
362355,99191
2218570,
2672940,
2242948,
2256781,
2102196,
2386199,
2228428,
2234624,
2203650,
2227632,
2203953,
2197740,101192
2238324,1084501
370037,100661
2230076,
2231694,
957776,
2236129,99254
2218600,
2228080,
2256720,
284933,
1925007,
2233977,114901
2235569,
2258689,95918
2253428,
2243132,111158
2258001,
2228434,
2235517,
356565,97616
2256502,
2253035,
2208944,
2211862,
2245327,
2232215,
2230094,
2258762,101116
2243514,
2199618,
2232266,
2214513,
2240133,
2227038,
356595,952025
2242995,107859
2231311,
2126800,
1912675,
2235760,
2255612,
2252564,
2237787,
2235506,
1925022,
2756659,
285150,100219
2238584,
2213332,
2240229,1085101
2208943,113272
2237444,
2120039,
2258961,
2199792,
2247351,
2237838,
285171,95462
2230971,
2229943,
2251629,
376259,
2231419,
2233778,
2133039,
2250762,
2082745,951792
2232166,
2197801,
2794303,
2097503,
2195324,
2216767,
2216330,
2230029,
2227373,
2234993,
2242990,
2239407,110255
2256247,
2194605,
2239012,
2231845,
2231846,
2231941,111142
2250964,
2231851,
2235779,
2216992,
2231860,
2216787,
2257899,
2218664,
2203316,950050
2235332,
2236149,
2231874,
2386221,
2216841,
2234867,
2245598,
2205930,
2231600,
2230664,
2102864,
2204306,
2195656,
2233641,115480
2253334,
2243376,115703
2231635,
2241747,
2243161,
2242452,
2236314,
2231538,
2246787,
2211047,
2214992,
2071999,105846
2237512,
2256801,
2231754,
2253434,
2227447,
2204140,
2242428,
2248027,
2243266,
2259236,
2227782,
2245565,
2247920,
2219655,
2250330,
2247681,
2237772,
2256797,
2259376,
2231895,
2243542,115461
2251397,
2253512,106243
2231901,
2231902,
2259561,
2211062,
2233485,
2214965,
2241043,
2230280,
2216778,
2237897,
2208433,
2253179,
2196096,
2256245,
2756288,
2756286,
2244688,
2235044,
2256024,
2235046,
2205402,949226
2240241,111181
2250736,
2230702,
2255548,
2256568,
2231712,
2215024,
2231911,
2231910,
2253446,
2246009,
2208473,1089686
2235981,
2204665,
2235615,
2253418,
2098979,
2203294,
2204811,
2231870,
2386245,
2127052,
2236583,
2250973,
2231266,
2231601,109162
2198902,
2203842,
2236305,
2233343,
2214583,
2258212,952446
2233816,
2252521,
2392123,
2216718,
2256686,
2248464,
2237514,
2250025,
2205198,
2256525,
2075247,
2239956,
2222747,
2226975,
2232655,
2249397,
2230840,
2248336,
2250004,
2214636,
2248379,
2229986,
2233187,
2101665,115448
2233941,
2234651,
2235547,
2233059,
2253414,
2205040,
2238940,
2258084,98356
2256409,
2245558,
2233564,
2252885,
2252922,
2231951,
2252923,
2252997,
2235841,
2242615,
2226777,
2241196,
2196900,2683573
2231587,
2230961,
2239768,950900
2207393,
2270599,
2256717,1088659
2392144,
2231475,
2236364,
2250788,
2203832,
2227626,
2070896,103568
2205163,
2197897,
2392154,
2236315,
2216722,
2250010,
2248460,
2127086,
2248238,
2256753,
2392163,
2227020,
2241953,115057
2117410,
2214674,115229
2246061,
2254273,
1933585,
2208751,
2059575,
2231976,
2219663,
2126958,106570
2231975,
2199718,
2220877,
2058097,
2245817,
2207953,115778
2241689,
2223695,
2231977,
1918002,
2231597,
2256807,
2241690,
2231978,
2392179,
2231445,
2253252,
2392181,
1927397,949246
2058694,
2253335,
2207677,
2230261,
2219670,
2203852,
2219666,
2231982,
2219661,
2788874,
2788877,113469
2207983,
2231987,
2788875,950812
2788879,108313
1916115,
2259365,
2231989,
2231995,
2059266,951046
2231990,
2208071,1091390
2231998,
2257792,
2253240,
2234971,
2213465,
2207642,
2258536,953590
1919928,
2256227,
2258535,
2259192,
2207679,
2229847,
2788878,115798
2235002,
2243680,
2236165,
2274310,
2203901,
2231381,
2231583,
2235303,
2211564,
1946072,111398
2229921,
2256763,1333709
2232005,
2253645,
2211830,
2233572,
1914832,113224
2256669,
1948481,
1936461,
2231258,
2259765,108788
2242542,
2245314,
2242315,
2271059,
2253267,
2200867,
2230237,100982
2253584,
2248364,
2256599,
2242923,
2259351,
2229974,
2256102,
375579,
2237877,
2219665,
2204098,952437
2196226,101924
2235632,
2259680,
2256372,
2248149,
2253746,110274
2232011,
2231459,
2233402,
2112295,
2209928,2685201
2127264,
2246400,
2230105,
2235051,
2231653,
2229003,1084499
2229008,
2204292,
2229734,
2237560,
2232022,
2219684,
2250842,
2244101,1848342
2231244,
2218609,
2230313,
2231253,
2256779,
2244131,
2234239,
2225097,
2232027,
2235428,
2232033,
2232038,
2233510,
1921383,952563
2232044,
2223758,
2243438,112806
2239579,
2227385,
2232049,
2237457,109490
2232051,
2232046,
2235368,
2256313,
2219689,95162
2219691,
2219692,
2253488,
2218598,
2202888,
2219694,
2232056,
2232054,
2232061,
2232060,
2219225,
2254185,
2235312,
2256014,89146
2214612,
2253378,106578
2252748,
2218567,
2232064,
2232067,
2092704,97506
2216996,
2214615,
2237563,
2268626,88163
2208615,
2216829,112603
2232069,
2232070,
2212170,
1952037,102312
2257887,
2232080,
2232077,
2230286,
2229053,
2207723,
2236390,
2208646,
2235899,
2212645,
2211368,
2256092,
2219701,
2242268,
2214776,
2232048,
2217867,
2256359,
2203969,1086933
2208984,115567
2214945,
2202074,
2231251,
2229015,
2219709,
2219705,
2219719,
2219717,
2219716,
2210685,
2236359,
2219728,
2216781,
2204524,
2219735,
2219748,
2252557,
2214654,
2244250,
2259104,108085
2219759,
2219756,
2243428,111184
2126914,
2219776,
2219774,
2212604,
2231513,
2231885,
2231886,
2274303,
2231434,
2243239,
2253197,
2231468,
2231508,
2256729,
2247616,
2234380,
2235929,
2209664,
2237671,
2111639,
2238534,
2255817,
2213525,
2259602,
2219428,
2205596,
2209707,
2209709,114806
2214648,
2211082,
2211078,
2213575,
2219786,
2231496,
2219797,
2203424,
2239887,110274
2236816,
2247805,
2219815,
2219806,
2092966,952742
2272027,
2219819,
2219588,
2203465,
2197848,2137855
2674507,
2253726,
2219828,109850
2219833,
2236227,
2219840,
2219851,
2233033,
2255539,
2219861,
2256228,
2221265,
2219866,
2232091,
2232089,
2253328,
2204366,
2218560,
2133118,
2214705,
2231616,
2209829,
2247752,
2245330,
2072000,1091019
2212626,
2212618,
2258845,
2245335,
2219931,
2212642,
2211123,
2212647,
2252977,
2253454,
2234820,
2235905,
2223652,
2236440,
2195874,
2211910,
2674527,
2230292,
2231695,
2223842,
2219868,
2219869,
2219870,
2219875,
2253700,
2219881,
2219888,
2219887,
2219904,
2107897,
2199306,
1938327,
2219906,
2219917,
2258478,114707
2219912,
2219915,
2204335,948795
2253110,
2235490,
2204337,
2219928,
2219930,
2219939,
2242499,
2219950,
2219951,
2219952,
2255961,
2256704,
2247198,112351
2219959,
2219966,
2219961,
2232098,
363916,
2232068,
2232724,
2253149,
2243880,
2243888,
2259423,951915
2206567,
2253748,
2099720,
2079994,
2209035,949462
2231143,
2127101,
2255932,
2272558,
2222689,2031056
2246187,
2237500,
2219817,109457
2237789,
2235803,
2064826,
2226502,
2232115,
2232030,
2232118,
2203062,
2232124,
2215975,113150
2253485,
2244526,
2240075,
2259275,
2204559,
2232129,
2232127,
2232128,
2231562,
1915609,
2213705,
2209782,
2208230,113360
364617,
2219711,
2243149,
2242479,
2201518,
2392198,
2216836,
2243160,
2214528,948795
2233773,
2232145,
2075385,
2232148,
2255774,
2207629,
2232156,
2256694,
2252560,1884148
2257854,
2127670,
2236233,
2244667,
2235329,
2235427,1953551
2244102,1848346
2219593,
2244990,
2256740,
2247952,
2232137,
2253027,
2218449,948486
2259217,
2231850,
2271126,
2064003,
2250373,
2231275,
2248331,
2250773,
2230188,
2241881,
2256306,
2237016,957074
1916308,
1939041,
2222925,
2232186,
2256431,
2244996,
2253206,
2203918,
2232106,
2233181,
2232188,
2209805,
2231250,
2208737,
2271926,
2253714,
2256578,
2237706,
2243549,115461
2231923,
2218674,110285
2239161,
2113643,
373212,114655
2219988,
2248763,
2204540,
2204798,108768
2244436,
2231673,
2232196,
2245222,
2209293,
2244471,
2221556,
2256674,
2118871,
2203443,
2203343,
2256291,
2200003,
2219978,
2203458,
2214722,
2204663,
2236306,
2232199,
2245221,
2248353,
2243182,109415
2226680,
2219985,
2756291,
2207683,
2756295,
1918677,
2756303,
2207382,
2252511,
2259285,
2209580,
2204036,
2208196,
2248607,
2208141,107708
1938816,1704438
2242330,
2231516,
2259783,
2392222,
2241188,
2243970,1085185
2259807,
2255864,
2232279,
2253708,
2253259,
2203419,
2058152,
2240091,
2226337,
2252749,
2203328,
2232208,
2252753,
2221653,
1938918,1704436
2256201,
2206041,
2238059,
1941749,
1920048,
2231897,
2086417,
2230329,
2251345,
2256005,
2097338,
2240298,
2232222,
2232223,
2232224,
2252579,106206
367256,950695
2232036,
2208167,110829
2207405,
2118308,
2243731,
2239618,
2203408,
2242910,
2209027,
2127228,
1918678,
2231330,
2232235,
2216345,
2232239,
2253516,
2232042,
2234427,
2258784,106064
2259735,
2253511,
2232248,
2209769,
2229906,
2211799,
2256485,
2211852,
1927951,
1917151,
2208342,949462
2232635,
2236382,115800
2227636,
2237537,
2239405,
2203980,
2233871,
2200654,948409
2226537,
2231479,
2238721,
2244503,
2235764,
2232263,
2211928,
2231282,
2219688,
2255788,
2245563,
2254330,
2220588,
2215922,
2072207,
2236176,
2256542,
2232273,
2232274,
2232275,112603
2204379,
2204373,
2204223,
2267961,
2062860,
2253341,
2079622,
2253766,
2209806,1085728
2235330,
2239099,
2208568,
2213997,
2232017,
2224319,
2255519,
2268903,
2209884,111506
2127225,
2232909,
2207644,
2253662,2159314
2254369,
2231929,
1917109,
1927018,
1938306,1091287
2225283,
2242703,
2126845,111112
2204868,
2253671,
2241914,
2235674,
1912062,1091320
2244152,
2256177,
2239901,
2231542,
2226316,
2756304,
369961,
2756306,107233
2256037,
2756305,
2386398,
2248324,
2235856,
2208152,112373
2074328,
2257914,
2234198,
2225627,
2253382,
2127012,
2241301,
2235116,
2234619,
2211069,105891
2232114,
2208341,1089676
1941451,
2386414,
1936284,
2220014,88812
599716,
1948659,
1951325,
2230052,
2219422,
1937218,948844
2200737,114496
1919156,
2072506,2684868
2227108,
2227706,
2241966,
2230210,
2231060,
1919936,111366
1938426,2159834
1947654,
2237724,
2253094,
2202761,
2234260,
2257810,
2113890,
1938966,
2788387,
2220005,
2208684,
2259725,951134
1936886,
2231520,
2051565,
2101439,
2127022,
2243502,
2236336,
1926532,109091
2199284,1084503
2237928,
2247804,1088659
2272349,
2231301,
2237092,
1938221,107540
1941323,
2242372,949590
1917169,
2220015,
2195719,
1926094,112682
1917189,
2223822,
2220016,
2227245,
2778980,105152
2242942,
2778968,100362
2229250,
2778967,
2778971,
2778977,100880
2778979,
2778969,958115
2072202,
2195434,
2223734,
2233202,
2750732,
2789418,1723411
2195422,
2789416,
2789417,
2248521,
2205515,
1937094,108588
2789421,
2227796,
2229037,
2079834,
2079835,
1926463,105165
2227142,
2231731,
2254897,
2196672,1086955
2108919,
1939844,102962
2386439,
2260006,
2052458,
2256507,
2256425,
2223642,
2199278,
2244098,
2226650,
2216070,
2253983,
2224154,
2230458,97212
2238615,
2203869,
2232121,
2244210,
1914698,109434
2220986,94369
2679243,101747
2056928,
2226924,
2127298,
2227866,
2756307,950599
2058677,
2242389,115096
1936659,107658
2195340,107035
1913141,
1940391,102649
1919084,
2049270,
2386451,
1919511,950470
1918093,114154
1932080,
1945065,
2386458,
2054396,104332
2231019,
1939016,
2789422,948384
1943374,106375
1913815,1894604
1913794,
2789428,
2789423,
2789427,
2392236,110479
2392244,
2789426,1891177
2789424,
2214762,
2392253,
2392257,
2214520,
2204304,
2392263,
2392259,
2131819,
2246133,
2392224,
2231880,
2235647,
1919510,1864046
2106619,
2208109,
2127050,
2258021,
2243984,
2062832,
2232449,
2232451,
2232452,
2231133,
2198017,
2249267,
2205183,
2256386,
1925915,
2232460,
2199978,
2232103,
2392231,
2392229,
2392233,
2232466,
2232473,
2231979,
1938744,950664
2231934,
1920395,109133
2392131,
2231675,
2239661,
2215993,
2392237,
2231473,
2243769,
2204309,108939
2203868,
2132787,
2243484,
2259165,
2220932,
2204180,
2252081,107682
2252608,107412
2245775,
2247820,
2201171,
2232480,
2235032,
2232481,
2255696,
2227419,
2223879,
2223690,
2232482,
2232257,
2220032,
2247694,
2063653,1704438
2247942,
2235971,
2220035,
2220037,
1938931,107395
2220044,
2220048,
2220047,
2220046,
2220049,
2756309,
2232490,
2230001,
2232492,
2219993,
2232493,
2232494,
2054576,103199
2111078,
2232498,
2232501,
2232499,
2252611,
2232508,
2232505,
2194405,
1938825,
1938760,
2057077,
1939017,
2232509,
2232519,
2232518,
2049736,
2232524,
2232528,
2392219,
2232535,
2232536,
2220083,
2220085,
2220082,
2220092,
2220093,
2063114,113909
2220094,
2220091,
2232542,
2232543,
2063634,
2232545,
2674547,
2674548,
1919547,
2392867,
2392868,
1932656,107958
2074113,
1924483,
2232548,
2232550,
2232546,
1914416,
2074023,115316
1914468,
1914471,
1914407,
2392265,
2392268,
2392269,
1933393,
2392270,
2392275,
2063998,948595
2392281,
2076338,948721
2259786,
2232564,115096
2063152,2685608
2232562,
1940934,
2392203,
2232568,
2232571,
2067288,
2392267,
2049533,106070
2232577,
2220108,112124
1942333,
2232583,
2232581,
2232580,
2392235,
2117181,102321
2200082,
2232587,
2232590,
2093889,952520
1949636,104931
1947291,112833
2102686,951152
2232593,
2232596,
2756316,107152
2756317,
2756714,
2109933,
2079800,
2103904,
2111100,
2120982,
2674549,
2271929,951452
2271928,
2069695,
2271933,
2271931,
2271935,
1949045,99215
2232599,
2232603,
2232602,
2232604,
2674550,
2232607,
2232608,
2232609,
1934771,106217
2198949,949990
2392258,
2232464,
2052746,
2068457,
2753579,
2753592,102404
2753581,96232
2232617,109509
2753590,
2753591,
2753586,
2753584,
2199336,
2753594,
2232622,
2232623,
2071533,
2232624,
2232628,
2232631,
2232633,
2232632,
2069369,96157
2053169,
2232638,
2232639,
2059105,
2232636,
2232640,
2232641,
2232647,
2104124,
2232648,
2232649,
2075996,
2232651,
361429,952014
2200290,
2069593,
2392284,
2392285,
2232661,
2232665,
2232664,
2232667,
2232671,
2232668,
2232672,
2232674,
2200312,
2232679,
2232680,
2232688,
2232694,
2232698,
2756746,
2386833,
2200321,
2232700,
2232702,
1951853,
2756747,
2756752,
361472,104397
2079787,1091062
2756754,111119
2756756,
2756753,110150
2756755,
2756757,
2756758,2017823
2756759,
2756760,104091
2272439,105933
2062484,
2232705,
2775040,1864950
2232714,
2232713,
362358,
2232719,
2232718,
1929604,
2789432,
2789430,
1918511,
1932416,
2789431,
2112730,
1933389,1091494
2789433,
2232731,
2232726,
2232730,
2071628,97156
1932437,949112
2071792,
2232733,
2232734,
2232735,
2232738,
2232737,
2232741,
2232740,
2054154,
2232747,
2232742,109509
2232744,
2232751,
2232752,
2232750,
2232754,
2068368,1083433
2069604,
2232753,
2071618,98532
2199791,102315
2201608,953526
2232755,
2232757,
2232759,
2232756,
2232760,
2071262,
2232766,
2232761,
2232773,
2232771,
2232778,
1950931,
2232779,
2232777,
2232782,
1951048,97045
2232783,
2232785,
2232786,
2232788,
2392300,
2392301,
2392311,
2056380,102680
1933368,
2269162,
2220134,
2756318,
2756319,107260
2756320,
2756323,
1941777,104697
2756326,
2756327,
2756325,
2756328,109467
1927651,
2386589,95478
1950137,
2214086,
2193923,949611
1917270,
2674552,
1949698,
2224200,
1917296,
2214516,
283315,101410
2272333,
2214201,953355
379133,96243
1932648,1100264
2220128,
2198633,
2778973,952165
2196803,1089583
1951032,103160
1927647,107137
2068910,96520
2071021,100896
2072854,
1948009,
2055212,
2052578,100086
2197736,
2070347,
1921197,
2071008,100463
1950372,
2071114,101741
2071109,
1927665,110638
2078193,
2386681,95517
2778981,
2778984,
2778985,
2078585,
2385835,
1915176,103190
2071165,102989
2132168,
1945765,
1937571,
2268839,
1950464,99425
2196044,1723404
1927663,
2393162,
2393160,1090125
2393172,109901
2220132,101127
371652,
1938455,110500
2252682,
2058944,948785
2072449,
2066003,
2197644,
2778279,
2778281,2683890
2392316,99162
2230442,
2234986,
2232147,
2232130,115229
2392329,
2392341,
2065585,
2392350,
2063118,
2260090,
2392344,104792
2392351,
2392358,100495
2232890,
2232889,
2232892,
2232895,
2074032,
1943612,115270
2232896,
2392373,100162
2778986,
2062966,
2077022,96901
1938847,
1915069,107648
2051953,96029
2066347,1086207
2232898,
2232897,
2756329,115260
2063519,950186
2756330,
2232899,
2778988,
2232900,
2778987,96797
2066864,1091842
365286,
2232904,
2778989,2027766
2232901,
2232905,
2232907,
2232910,
2232911,
370242,99601
1939014,
2070580,105788
2232915,
2232916,
2070501,
2232920,
2232921,
2232922,
2232925,
1940648,
2075323,
2232927,115229
2232928,
2198965,
2070454,99757
2070456,99757
2070735,
2126910,1089652
2195234,949688
2063127,
2063166,
2232929,
2079768,
2232932,
2232935,
2063227,
2232933,
1943614,
2062426,110502
2066329,
2232941,
2194151,
1912890,
2232942,
2076352,949906
2066148,
2778991,92244
2778992,
2778993,
2778994,
2778995,92007
2778996,
2202576,
2220141,
2232946,
2232948,
2232947,
2232949,
2259491,104712
2084303,
2051949,104703
2232952,
2232950,
2232951,
2232958,
2232955,
2063557,949326
1952058,102768
2232961,
2232960,
2232967,
2272335,
2232963,
2232968,
2232969,
2232971,
2232970,106917
2232974,
2232977,
2232976,
2232979,
2220144,
1949146,99589
2392376,
2392379,
2392383,
2392384,
2066351,
2392381,
2392398,
2392388,
2232986,
2392401,
2392403,
2392406,
2392409,
2392415,
2232996,
2232998,
2232997,114630
2392425,
2392423,
2392424,
2232999,1085185
2233000,
2233002,
2073872,
2058991,
2073873,107275
2072475,
2753607,
2072251,
2753598,
2753601,1868777
2753595,
2753597,
2753602,95517
2753604,100902
2753608,97101
365908,
2073887,
1943621,113349
2233015,
2233011,
2220145,
2085733,
2233018,
2233019,
2233017,
2053708,
1928245,
1949025,
2753612,
2753610,102209
2753613,1952589
2753616,102687
2753617,
2753619,
2753620,103489
2753623,
2753609,95641
2753628,
2220159,
2233021,
2753639,
2753642,
2756336,
2194273,1086904
2233026,
2233028,
2233022,
2057156,
1945345,
2674553,950070
2233031,
2233032,
2233039,
2233041,
2233042,
2233047,
2233044,
2066054,87892
2392308,
2392287,
2085372,
2233051,
2233050,1085185
2233048,
2233053,
2233056,
2233054,
2224173,
2227431,
2233068,
2233065,
2215626,
2233066,
1950254,
2078386,
2674554,
2233074,
2233069,
2233079,
2233080,
2116455,
2233084,
2233082,
2233083,
2674555,2685649
2674556,110556
2072272,101060
2195330,
2233089,
2233090,
2233101,
2233100,
2674560,
2392429,
2674557,
2674559,
2674558,
2233109,
2195588,
2113996,102200
2233110,
1935918,
2233112,
2233113,
2233114,
2233111,
2271717,
2233120,
2233121,
2233122,
2233123,
2233125,
2233124,
2233128,
2233132,
2233129,
2233929,
2234240,
2233928,108326
2233133,
2233134,
2233137,
2062209,
2057275,
2233144,
2233141,
2233143,
2233142,
2233145,
2233147,
2391841,
2057247,
2233149,
2233151,
2051354,
2233154,
2753647,102200
2233158,
2233161,
2233175,
2233176,
2102848,96735
2233180,
2199594,
2233200,
2233201,
2753217,
2753218,
2233203,
2233212,
2233214,
2233215,
2233221,
2233218,
2233216,
2233224,
2753223,1090883
2233226,
2233227,
2234455,
2232717,
2233159,
2232553,
1951342,
2233008,
2072252,
2385925,
2085112,
2232575,
2233191,
2232123,
2233229,
2232781,
2233199,
2233233,
2233234,
2233232,
2233244,950904
2233242,
2233243,
2233248,
2233247,
2233245,
2052993,
2220177,
2233250,
2233253,110174
2756346,
2756341,
2756338,
2756343,
2233259,
1946920,
2756363,
2756361,
2756362,951433
2756365,109422
2756364,
2756360,
2233262,110173
1925437,106301
2233264,
2233265,
2102912,95732
2233267,
2233266,2682361
2078301,
2233272,
2233271,
2233270,
2756705,
2233276,
2233278,
2233277,
2233279,
2233285,
2233289,
2233295,
2756339,948292
2233302,
2218986,
2218991,
2224066,
2228827,
2061998,115155
2207080,
2207079,
2207083,
2065479,99038
2083933,950514
2219013,
2671048,
2228831,
2207102,
2219026,
2228834,
2228833,
2224097,
2219054,
2219057,
2234797,
2219061,
2219059,
283416,957967
2067914,
2219076,
2092044,
2259030,949187
2219081,
2229382,
2232764,
2233309,
2233305,
2233314,
2385991,1090888
2233317,
2233321,
2233322,
2233325,
2056257,98083
2233328,
2220188,
2233326,
2233331,
2233332,
2233335,
2233336,111941
2753262,
2233334,
2233341,
2233337,
2220184,98776
2067706,
2067584,
2233352,
2233350,
2233349,
2233351,
2233355,
2233353,
2233354,
2233359,
2233357,
2233367,
2233366,
2220190,2017813
2220196,
2220191,2017813
2096908,
1944923,101648
2233387,
2220207,
2220200,
2220213,
2107745,115283
2097549,
2220212,
2220222,
2220223,
2233395,
2233394,
2233392,
2233397,
2233396,
2092309,
2233404,
2233405,
2233406,
2091577,
2233420,
2233429,
2233431,
2233430,
2233436,
2756367,
2233437,
2756369,948303
2756368,951291
2756372,
2756376,
2756377,
2756378,
2391889,
2756383,
2756398,110426
2756401,950267
2756396,
2756406,
2756411,
2756409,
2756410,
2756397,
2756399,
2064414,
2233445,
2233439,
2233442,
2065748,
2233447,
1922721,
2233449,
2233451,
2228133,
2756351,113390
2756274,
2209376,115480
2209377,115480
2209380,115480
2209379,115480
2219681,
2194983,
2209431,115480
2074267,949709
2209437,
2209450,
2209459,
2209456,
2228709,
2209366,
2233456,
2233457,
2233462,
2233464,
2259256,
2392441,
2233472,
2233467,
2233475,
2233476,
2233481,114085
2233480,
2233486,
2233489,
2233497,
2233499,
2113096,
2233503,
2233506,
2233509,
2233516,
2233514,950267
2233515,
2233517,
2233519,
2233525,
2233528,950267
2233527,950904
2231858,111142
2231867,111142
1914491,
2202286,
2116216,
2233010,
2233020,
2233441,
2233444,
2194457,
2233532,950267
2233534,950904
2233535,
2233537,
2196244,
2196245,
2196240,101797
2196241,96200
2076781,
2233544,
2233543,
2233546,
2233545,
2233554,
2233547,
2233557,
2233558,950275
2197966,
2233559,
2233560,
2233563,
2233561,
2233566,
2233570,
2756425,
2755956,90026
2755951,
2755972,2684075
2233578,
2233577,
2233581,
2233582,950904
2755992,1090724
2756355,
2756007,
2756016,2684437
2756031,90958
2233583,
2233584,
2755941,89599
2755949,
2233596,
2233592,
2756298,
2756314,
2756299,
2233602,
2756010,
2233600,
2756015,
2233601,
2233605,
2756018,
2233606,
2233609,
2233610,
2113091,
2233612,
2233613,
2233619,
1917200,100600
2755996,2684218
2233618,
2756034,
2756033,90566
2756040,1091890
2066874,
2233623,110159
2233622,
1914527,1087040
2233626,
2233624,110174
2066863,
2233625,
2231023,
2233628,
2218260,
2233631,
2229473,
2209425,
2233634,
2127700,1087092
2228134,
2228873,
2216587,
2210770,
2216588,
2231460,
2229243,
2229244,
2210807,1084499
2228433,
2220239,
2220240,
2220242,105530
2233636,
2233635,
2233637,
1951035,103443
2231036,
2231030,
2756251,
2231045,
2231041,
2231053,
2231049,
2231052,
2231058,
1926058,98979
2070826,1091523
2231069,
2231071,
2231072,
2233646,950911
2233651,
2233653,
2233654,
2222944,
2127122,
2262541,
2233658,
2233660,
2233664,
2233659,
2098029,
2233666,
2233667,
2233668,
2228730,
2228742,
2216081,
2206824,115480
2209404,
2216112,
2070815,
2216121,
2209423,
2209432,
2209457,
2216128,
2209448,115480
2209462,
2228842,
2069098,
2079831,
2235459,
2229638,
2235465,
2235054,
2224207,
2224201,
2223700,
2224209,
2223889,
2259458,
2233672,
2235058,
2229520,
2235056,
2216825,108939
2234074,
2234073,
2233252,
2233676,
2233677,
2233678,
2233683,
2233684,
2209372,
2205249,
2067454,105382
2233688,
2058085,950936
2233690,
2382776,
2199817,950498
2233691,
2233694,
2219474,
2233705,
2233701,
2233704,
2233715,
2233711,
2233707,
2233718,
2200842,
2203991,
2233721,
2203992,
2068324,
2233724,
2233725,
2233726,106236
2233727,112626
2233730,
2233728,
2209551,
2220247,
2220246,
2233733,
2233734,
2066845,
1948728,
2233735,
1927941,
2220260,
2220262,
2066808,
2220283,
2066735,
2066759,1091842
2220284,
2220293,
2220306,107218
2753668,
1913911,
2233736,114630
2220308,
2220309,
2220310,107218
2220311,
2220323,
2220325,
2220326,
2066867,
2220333,
2220338,
2066714,1084497
2220340,
2233739,112655
2233738,
2756264,
2220352,
1942493,
2103398,
2220356,
2220365,
2058159,
2220368,
2193987,
2220375,
1931833,
2220378,
2220385,
2199184,
2193954,
2220400,
2220411,
2756428,
2756431,
2756436,
2756430,
2756427,
2756435,
2756443,
2756448,
2756455,
2105490,
2756452,
2756453,
2756451,
2756439,103219
2756437,
2068478,
2083555,
2218398,
2213483,
2213187,109152
2213192,
1949781,
2218403,106523
2219383,
2196246,96939
2213511,
2213667,
2213674,
2213679,
2211542,
2213572,
2213278,
2218794,
2213711,
2220435,
2220434,
2220427,
2220438,
2220440,
2220442,
2220441,
2220445,
2220446,
2071718,105495
2071263,100878
2220444,
2220449,
2220454,
2220450,
2220452,
2220459,
1949422,1084084
2220460,
2220461,
2220464,
2220470,1333709
2220476,
2220481,
2220489,
2220493,
2220495,
2220496,
2070041,
2220503,
2220504,
2220502,
2220508,
2220510,
2220509,
2220506,
2220507,
2220511,
2220512,
2220524,
2220522,
2220525,
2220530,
2220541,
2220540,
2756429,
2220549,
2233743,114506
2233744,
2233745,
2233749,
2756438,
2233754,
2233756,
2233750,
2233757,
2055138,96657
2055784,104309
2056616,
2233759,
2270752,1090845
2756445,98028
2756444,98028
2756446,
2233764,
2233762,
2233761,
2233767,
2233766,
2233771,
2233768,
2233775,
2233776,
2056651,953175
2232154,
2204149,
2203691,
2220567,
2232034,111941
2214518,
2233474,
2233783,
2233786,
2050937,
2220544,
2233788,
2233790,113112
2233799,
2233794,
2233802,
2233801,
2220551,
2233800,
2220555,
2220554,
2220557,
2233807,
2220560,
2220563,
2233820,
2233822,
2233829,
2233827,
2233825,
2201772,
2201888,
2084181,
2203411,
1921605,1854370
2220576,
2233833,
2233830,
2233831,
2220572,
2233835,112626
2233840,106616
2233836,
2233841,113712
2233842,113004
2220562,
2220561,
2233843,108856
2233846,108856
2220550,
2220558,
2233847,
2203035,
2220573,
2233849,114213
2233854,
2233859,114085
2233860,
2756457,
2756458,96622
2756459,100032
2756461,100246
2756460,
2756462,
2233875,
2233873,
2233870,
2233880,
2074028,1083944
2233879,112626
2233885,
2233887,
2233893,
2233891,
2117659,
2233896,
2233900,
2233902,
2233903,
2120420,104788
2201773,
2233907,
2233909,
2233912,112655
2216816,
2233917,
2233918,109714
2233913,
2233919,112655
2233920,112655
2233921,
2233924,
2233930,
2235059,
2233932,
2233933,
2233935,
2084456,
2749810,
2195739,
2220593,950946
2749812,
2749813,1085474
2233943,
2233946,
2233944,
2749814,
2233950,
2233954,
2233955,
2233953,
2233962,
2233967,112626
2233973,
2233972,
2749816,
2068332,
2751260,
2233981,
2233979,
2233980,
2049073,
2233988,
2233993,
2233994,
2233995,
2233998,
2749831,
2236080,
2220596,
2234000,
2234001,114901
2234004,
2234006,
2258087,104547
2234011,
2124111,
2749840,953844
2749842,1085481
2749843,
2234016,
2234015,
2749844,
2208216,948403
2749846,1162356
1948907,
2261408,
2060161,
2234026,
2234027,
2234022,
2234028,
2234030,
2234029,
2756465,
2756464,
2756466,
2756467,
2234033,
2756469,115096
2756488,
2220597,2146683
2234037,
2234038,113112
2069882,
2753585,105595
2234039,
2234040,
2234042,
1942013,104914
2234044,
2234046,
2220598,114784
2386905,104384
2387355,
2218087,
2234048,
2220122,
2220600,
2234050,
2234052,
2234051,
2385231,
2234057,
2234059,
2234060,
2079261,
2234062,
2232620,
2234061,
2214477,108939
2230972,109495
2214630,
2268562,
2268561,
2234064,
2234067,
2234063,
2225654,
2117637,
2234076,
2234077,
2234078,112603
2220609,
2113678,
2220608,
2220607,
2220603,
2220604,
2234080,
2234079,
2756502,
2756500,
2234086,
2234090,
2234088,
2234092,
2234085,
2234096,
2234095,
2234104,
2234101,
2234105,
2234108,
2234109,
2234107,
2234111,
2234112,
2234113,
1913599,
2234129,
2234125,
2234128,
2234124,
2234137,
2234140,
2234138,
2234142,
2234143,
2234144,
2756474,
2234145,
2079661,
2057246,
1937625,
2234152,
2069123,105982
1950112,
2234149,
2753675,
2753677,
2234155,
2234154,948313
368903,948303
2234157,107358
2220621,948542
2220634,
2234165,
2234164,
2234162,
2219443,112439
2220623,949331
2220627,109277
2234167,
2234166,
2059338,
2234168,
2234173,112603
2234172,
2756503,
2234175,
2234178,109385
2234176,
2234177,
2234185,
2234186,
2234181,
2220647,
2220648,
2234189,
2234190,
2234188,
2234194,
2234192,
2234191,
2234195,
2234201,
2234208,
2234205,
2234199,
2234209,
2234214,
2234212,
2756510,108636
2756511,
2234217,108939
2234218,112603
2234219,
2234222,
2234223,112603
2259394,
2234228,114901
2234226,
2234224,112626
2234227,
2058077,114661
2234230,
2234235,
2234233,
2234232,
2097640,
2218332,
2220635,
2234238,
2220636,
2234241,
2234242,
2220638,
2234244,
2220640,
2220646,
2234258,
2234256,
2087626,2019981
2234257,
2220643,1084501
2220644,
2234261,
2234262,
2234265,
2234273,
2234272,
2234278,115096
2234274,
1950031,
2234280,
2234285,
2234287,
2234288,
2234292,
2234294,
2234291,
2234293,
2234302,106616
2234298,
2201197,
2234296,
2234304,
2234303,114506
2234307,
1948947,
2071360,953092
2218870,112854
2218871,
2234311,
2234310,
2236518,114822
2234321,
2234330,
2234326,
2234325,
2234328,
2756512,108365
1949910,
2234333,
2234339,
2234334,
2234346,
2234344,
2234354,108856
2385699,1163198
1933370,
2220650,951137
2234360,
2234359,
2234361,
2234365,
2234366,
2234368,
2220655,
2234372,
2220657,
2234375,
2234377,
2234382,
2234384,
2234386,
2234385,
2084505,
2201891,
2121393,
2234394,
2234393,
2234401,
2234399,
2234397,
2234398,
2267227,
2201892,
2203412,
2203413,
2220660,
2112818,
2220669,
2220664,
2220662,
2220681,
2220676,
2220696,
2220698,
2234405,
2220692,
2214743,
2216902,
2216905,
2216903,
2204564,
2232181,
2204188,
2204162,
2216933,
2216932,111142
2267230,
2232244,
2220777,
2200936,1890186
2083460,
2220704,
2220703,
2204144,
2220708,
2220707,
2204150,
2200288,948732
2215278,
2756516,
2756517,113814
2215280,
2756518,113878
2220710,115668
2220713,
2220521,
2219837,
2220722,
2220729,
2220736,
2220739,
2220740,
2220741,
2220759,
2220763,
2204152,
2204153,111142
2204171,
2204177,
2116934,
2208180,
2216071,948392
2220771,
2220770,
2216073,2139835
2058762,
2220778,100980
2204290,109385
2204280,111142
2220721,
2220732,
2220726,
2220731,
2219270,
2205585,
2220787,
2220791,
2220782,
2220796,
2220795,
2220805,
2220811,
2220808,
2220831,
2220828,
2220823,
2220834,
2220841,109492
2208714,
2220842,
2215267,
2067323,
2067324,
2220846,
2220847,
2220853,1848337
2234407,
2117329,
2220869,
2220879,
2220901,
2220895,
2211668,
2201896,
2220907,
2220923,
2121678,
2220922,
2220938,
2220937,114450
2220939,
2195317,115454
1923538,
2217011,
2220951,
2220949,
2204303,
2220953,
2220958,
2220959,
2220967,1085102
2220970,
2220971,113083
2220980,
2234411,
2219316,
2234410,106888
1916021,
2220989,
2234416,
2267239,
2234417,
2234418,
2220990,
2220988,
2234421,
2267242,
2234423,
2234426,
2234424,
2234429,
2753539,
2071721,
2205471,
2216053,
2234434,
2234433,
2234432,
2203442,
1938045,1875308
2220991,
2234437,
2217064,
2234439,
2259009,114717
2234450,
2234447,
2234451,
2083374,
2234459,
2234457,
2234461,
2083403,
2203416,
2218836,
2234465,
2234468,
2234464,
2221338,
2218892,
2221346,
2200503,
2387101,
2234473,
2234474,
2234469,
2220844,
2220784,
2218253,950435
2209694,
2271775,
2271776,
2072185,111095
2220993,1087583
2756375,111046
2220995,
2221000,
2220997,
2220999,101295
2221001,97626
2234483,
2234481,
2234487,
2234491,
2234494,
2234496,
2234497,
2220797,
2220850,
2220798,
2219335,
2220814,
2220800,
2220833,
2220835,
2221003,
2221005,
2221015,
2221016,108683
2221023,
2221040,
2221039,
2221026,2042640
2084496,
2076431,113921
2221051,
2221042,
2221064,
2221055,113872
2234503,
2234505,
2234506,
2234504,
2203407,
2221009,
2221004,
2221008,
2221011,
2221010,
2220799,
2220801,
2220803,
2219957,
2220821,
2220824,
2220832,
2221072,109490
2221068,
2221080,
2221074,
2221076,
2069370,1857088
2221081,
2221084,
2221087,112710
2221103,109492
2221104,
2221100,
2234508,
2234510,
2234512,
2234513,
2234518,
2221105,
2221106,
2082446,
2195318,
2221314,
2218262,950394
2221118,
2221120,
2221121,
2221122,
2221145,
2221143,
2392547,
2221148,
2234521,
2196826,
1943766,
2221149,
2221155,
2221153,
2089127,96667
2221160,
2221161,
2221165,
2252528,
2392580,97708
2756525,
2258984,
2392576,
1942668,
2220931,115096
2219351,
1944039,
2221172,
2221179,
2205473,
2205479,
2221037,
2221181,
2221185,
2221202,
2221195,
2221212,1085124
2221220,
2221208,
2221222,
2221224,
2221225,
2221240,
2221241,
2221239,
2221242,
2221243,
2221252,
2120747,
2221245,
2221256,
2221257,111032
2221258,
2221272,
2221277,
2221267,
2221288,
2221291,
2221292,
2221302,
2221304,
2221295,
2221313,
2221310,
2221307,
2220715,
2221012,
2221013,
2116864,107052
2221019,1087906
2221025,
2221030,
2198974,
2221041,
2221049,
2221315,
2200427,
2234528,
2234530,
2234534,
2216049,
2201649,
2216055,
2205474,
2201423,
2234536,
2221326,
2081305,
2221330,
2221333,
2221341,
2221340,
2221344,
1937533,
2221349,
2081236,
2117074,115747
2205494,
2234540,
2221355,
2234544,
2234546,
2234549,
2234550,
2218893,
2218889,
2088267,
2081299,
2234552,
2218906,
2088202,
2221365,107343
2259062,
2205496,
2205477,
2205481,
2205480,
2221353,
2234560,
2221356,
2234554,114506
2234563,
2234569,
2756527,
2756537,110793
2756535,
2756536,114109
2221359,109848
2756761,
2221360,
2234574,
2234572,
2234575,
2756782,
2756779,
2756781,
2756778,
2756783,
2267264,
2221363,113184
2221361,
2221367,103819
2221369,105071
2747557,
2220783,
2220779,
2221024,
2220720,
2234579,
1944038,
2221380,
2779027,1083012
2221371,
2221372,
2385989,
1944078,
2756385,
2201866,
2756386,
2234593,
2234591,
2385635,115096
2234592,
2671038,
2235065,
2235063,
2234594,
2235066,
2671091,
2756395,
2386032,
2084475,
2756422,
2267266,
2204353,
2084502,
2204192,
2204179,
1949083,99459
2204204,
2204354,
2204202,
2216938,
1915701,950535
1949909,
1949946,95508
1949817,102760
2252507,
2106737,114610
2084486,
2748169,
2204245,
2204227,
2204226,
2204246,
2753698,
1944025,
2753699,
2753700,
2753701,1091482
2753716,
2201779,
2204265,
2231946,
1949107,96270
2084532,
2221180,
2091097,
1943944,
2221201,
2756539,
2201870,
2756546,
2074422,
2756547,
2756553,
1917405,103681
2084477,
2234254,
2234507,
1951126,1883969
1951622,101747
366513,
2232272,
2204293,109385
2232276,
2220781,
2229770,
2073631,
2204310,
2267267,
2054052,104509
2050274,
2206253,
2206255,
2206276,
2234604,
2049023,
2234601,
2234605,
2234610,
2201780,
2234620,
2234617,
599983,100872
2200481,
2231617,
2231469,
2231470,
2231621,
1950827,97429
2231495,
2215277,1091167
2215282,
2213880,
2259770,
2231507,
2231506,
2220794,
2210655,
2220810,
2220812,
2219140,
2208188,112418
2220839,
2220825,
2220827,
2221395,
2221392,
2221396,
2200911,107216
2221385,
2221402,
2221403,
2218844,
2209990,
2267268,
2218846,
2218839,
2220723,
2231639,
2220734,
2231638,
2221406,
2221408,
2221409,
1942558,
2218855,
2221096,
2756559,
2756564,
2218867,
2218860,
2271949,
2271950,
2271957,
2271952,
2271956,
2271951,
2271965,
2231519,
2271967,
2271974,
2220871,
2271976,
2220890,
2220902,
2271977,
2221264,
2271990,
2221133,
2221271,
2231527,
2221289,
2221386,
2221387,
2221017,
2221018,
2221046,
2220773,
2220774,2157081
2221047,
2221426,
2221278,
2213891,
2214013,
2213899,
2221434,
2070540,
2221433,
2221428,
2221430,
2221452,
2221450,
2221461,
2221459,
2221460,
2221471,
2221478,
2221475,
2221484,1091167
2221490,
2221494,
2221500,
2221495,
2221491,
2221509,
2221511,
2221505,
2221504,
2221521,
2221518,
2221531,
2221525,
2221533,
2210516,109491
2221539,
2221540,2685534
2231528,
2231530,
2213885,
2221466,
2221485,
2221473,
2221447,
2221512,
2221510,
2221506,
2213889,
2215289,
2221520,
2195370,
2110593,
2123699,1092116
2232689,
2232690,
2232691,
2232699,
2221551,97573
2231559,
2083334,
2231567,
2231577,
2231578,
2058819,
2231581,
2231721,
1950438,
2221552,102094
2220750,
2117275,1090755
2220904,
2220758,
2220753,
2220757,
2220764,
2220767,
2220957,
2220975,
2258221,
2221561,
2221562,
2221568,2684858
2207789,
2207787,
2221574,113583
2220905,
2220925,115096
2220926,
2220908,
2220927,
2072273,948889
2220960,
2220978,
2220962,
1948932,
2200947,
2132997,
2231610,
2234631,
2234632,
2234629,112603
2215902,950427
2215905,
2221584,1163182
2215903,112727
2671110,
2068614,
2234636,951433
2234637,
2231988,
2204157,
2233793,
2233806,
2233805,
2221581,
2234639,
2234638,
2211003,
2211004,
2211005,
2210397,
1952080,
2213161,
2221715,
2234643,
2234642,
2234644,
2219100,
2209947,
2219101,
2208361,
2201347,
2206267,
2234648,
2234646,
2234650,
2234649,
2205523,
2221590,102355
2206221,
2206246,110434
2215791,1090015
1948812,112612
2215940,
2219782,
2221685,
2204910,
2204912,
1921419,
2234659,
2215770,
2206881,
2210403,
2210417,
2210398,115517
1912815,2031059
2234665,
2234668,
2234661,
2234670,
2206275,
368637,
2206250,
2206269,
2206290,109850
2221599,
2206287,1703250
2206299,
2221605,1091373
2221604,106657
2221607,107432
2221613,
2221614,
2234674,
2234673,
2234672,
2219780,
2211691,
2257851,
2756577,
2756579,
2756580,
2756581,
2756578,
2219108,
2209999,
2392637,1090991
2204957,
2119803,
2212017,
2202070,
2205551,
2205554,
2205617,113568
2221686,
2221703,
2221701,
2221705,106197
2221698,
2219313,
2219325,
2217855,
2219310,
2205600,
1929545,103620
2205527,111741
2221712,
2205643,114778
2219862,
2221717,1088665
2221724,
2221731,111142
2221721,
2221745,
2221738,
2221744,
2221756,
2221758,
2221754,
2221767,
2221759,
2221772,
1931411,2138391
2221776,
2221779,
2221782,
2221796,
2221787,
2221797,113295
2221789,
2221798,
2221803,
2221799,114039
2221807,
2221813,
2221814,
2221816,
2386939,96016
2221827,
2221817,
365151,
2219390,
2219376,1084501
2205616,
2205633,
2205593,112751
2221843,
2221846,
2221850,
2221854,
2221859,
2221869,
2221880,
2221871,
2221872,
2221879,
2221894,
2221892,
2221895,
2221887,
2200280,
2221898,
2221901,
2221908,
2221907,
2221910,
2221912,2685258
2221915,
2221913,
2221916,
2221929,
2221923,
2221934,
2386954,98476
2392541,102169
2221690,
2221694,
2204935,
2204955,
2204996,
2204993,114506
2212015,
2205010,
2205018,
2205036,
2205048,
2205050,
2205052,
2205053,
2221944,
2221952,
2221949,
2221942,
2221947,
2221957,
2221958,
2221959,2685258
2221960,
2221976,
2221973,
2221974,
2221979,
2221983,
2221981,
2221984,
2204988,
2205597,
2205015,
2220817,
2221989,
2221985,
2221992,
2205063,
2221990,
2200283,
2268485,
2751040,103135
2221996,
2222010,
2222013,
2222017,
2222026,
2222025,
2222024,
2071079,1703225
2222029,
2222034,
2222052,
2222044,
2222050,
2222046,
2222043,
2222047,
2222056,
2222068,
2222065,
2222074,
2222069,
2222076,
2222089,
2222090,
2222093,
2221937,
2112886,
2221725,
2221728,
2221726,
2221845,
2221751,
2383017,
2221749,114506
2221878,
2221926,
2221925,
2221781,
1916494,1726376
2213545,
2221785,
2221829,
2221812,
2222098,
2222104,
2222114,
2222106,
2222105,
2222123,
2222116,
2222120,
2222118,
1929529,
2222130,
2222129,
2222147,106209
2222148,106209
2222140,
2110272,
2222156,
2222155,
2222166,
2222173,
2222169,
2222178,111194
2222186,
2222180,
2222182,114357
2221836,
2222191,
2222196,
2222195,
2222204,
2222209,113838
2222208,
2222201,
2222218,111194
2222224,
2222232,
2222229,
2222230,
2222228,
2222242,113047
2222251,
2222243,
2756785,
2756786,
2222267,
2671312,102169
2222262,
2222256,
2222268,
2211190,
2213198,
2222020,
2213182,
2213459,115572
2222059,
2204981,107714
2222060,
2213310,109152
2213302,
2213286,
2222270,115706
2222269,
2222283,
2222284,
2222286,
2222288,
2222289,
2222300,
2222302,109850
2222304,
2222307,109850
2222314,
2222315,
2222323,
2222317,
2222334,
2222329,
2222337,106882
2222338,
2222351,
2222352,
2222363,
2222366,
2217851,
2204982,
2222369,
2205056,
2222383,
2222371,
2222372,
2222388,
2222384,
2222385,
2222404,
2222423,
2387059,98474
2222431,
2387065,
2222436,107358
2222443,
2222439,
2751519,101696
2222454,
2222456,
2234676,
2222468,
2223612,
2210418,
2219095,
2210074,
2210697,
2222475,
2222479,
2222477,
2222492,
2222484,
2222487,
2222498,
2222500,
2222510,
2222521,
2222519,
2222523,
2222528,
2222524,
2222539,
1940512,88063
2222538,
2222547,
2222558,
2222556,
2222559,
2214158,
2210425,
2210453,109490
2210457,
2210633,
2210654,
2210659,
2210653,
2221966,
2210529,107195
2210675,
2210677,109490
2210524,115517
2210044,
2210530,
2210533,
2210082,
2210562,
2209745,
2222568,
2222572,
2071043,
2222574,
2222575,
2222579,
2222588,
2222586,
2071044,
2222599,
2222593,
2222590,
2222594,
2222589,
2222605,
2222606,
2222610,
2222615,
2067773,
2222622,
2222616,
2222626,
2222628,
2222627,
2222636,
2222645,
2200970,
2200968,
2222644,
2209956,
2210610,
2204338,
2210430,
2210442,
2210451,
2210435,115653
2210491,
2210645,
2210647,115517
2210553,
2210531,
2210514,
2222649,
2210570,
2222653,
2222654,
2222656,
2222655,
2222670,
2222671,
2222668,
2222675,
2222695,
2222699,
2756762,
2222706,
2222714,
2222707,
2222721,
2222720,
2222722,
2222719,
2222732,
2222734,
2222745,
2210783,
2222750,
2211010,
2211012,
2210450,
2210464,
2211034,
2211042,
2211067,
2211056,
2209992,115653
2222754,
2222753,
2210673,2031056
2214450,
2219134,
2205025,
2210704,
2210725,
2387025,100389
2222759,
2222765,
2222763,
2222777,
2234685,
2222778,
2222779,
2222787,
2222792,
2222794,
2222791,2031056
2222806,
2197727,
2222804,107195
2222818,
2222820,
2222816,
2219417,
2222830,
2222831,
2209953,
2210603,
2210621,
2210632,
2209675,
2210045,
2209724,
2209734,
2209735,
2222839,
2222840,
2222842,949697
2222844,
2222846,
2211077,
2219444,
2219447,
2387139,1090410
2222863,
2222856,
2222855,
2222876,
2222866,
2222867,
2222865,
2219480,
2222878,
2211995,
2222879,
2222886,
2222884,
2222885,
2222887,
2222890,
2222894,
2222909,
2222908,
2222907,
2222912,107437
2222914,
2222916,
2222920,
2387195,102701
2222934,
2222939,
2753720,
2222942,
2222945,
2222946,
2756591,102467
2222965,
2222963,
2222956,
2068776,
2222970,
2222971,
2222972,
2222978,
2222982,
2068773,
2222977,
2069121,
2117429,1091385
2222984,
2222990,
2222991,
2222986,
2223003,
2223006,
2223004,
2223020,
2223016,
2223017,
2223041,
2223042,1089126
2223037,
2223033,
2223050,
2223054,
2223053,
2223066,
2223067,
2069116,
2223078,
2223075,
2223077,
2223076,
2223085,
2223086,
2223088,
2127388,
2223106,
2223098,
2223097,
2223104,
2223112,
2223115,
2223113,
2223111,
2223126,
2223127,
2223124,
2052431,951777
2223131,
2223133,
2223134,
2223138,
2223142,
2223139,
2223147,
2223158,
2223170,
2223161,
2223169,
2223175,1089124
2223176,
2223183,
1947754,951722
2223190,
2223192,
2223189,
2223204,115233
2223200,
2223199,
2223210,
2223212,
2223213,
2223221,
1932004,
2223222,
2223226,
2223227,
2223230,
2223231,
2223232,
2223235,
2218421,
2222896,
2223236,115234
2223239,
2223241,
1931993,96105
2223243,
1945567,105610
2223246,
2223245,115234
2220878,
2392736,
2218556,
2222603,
1916436,953078
2209645,
2219792,
2219312,
2234687,
2234688,
2392745,1089726
2071084,102836
2214796,
2217911,
2217909,
2207397,
2392751,97262
2392752,
2052498,
2223254,
2223253,
2223257,
2223261,
2071145,951886
2217848,
2223266,
2756598,
2223331,
2756601,95625
2223271,
2223270,
2223268,113208
2223273,
2223275,
2223278,
2223281,114289
2072233,
2061391,
2209972,
2222845,
2062022,
2062002,
2222522,
2222798,
2222875,
2209718,
2219941,
2219856,
2223286,
2059218,
2223290,
2223295,
2223309,
2223313,
1938492,109031
2223305,
2223304,
2223318,
2216476,
2217879,
2219338,
2217874,
2065368,98869
2219341,
2218431,
2219347,
2219346,
2217908,
2215401,
2215611,
2215156,
2234700,
2234698,
2219228,
2219229,
2219231,
2216291,
2103252,
2216285,
2219260,
2219248,88812
2219263,
2219268,
2223251,
2219267,
2219282,
2219300,
2215380,
2215384,1084498
2215383,
2215385,
2215323,
2779032,1087315
2269198,
2234706,
2212291,1084503
2214816,
2223265,
2215100,
2215088,
2217736,
2211202,
2211206,
2211203,
2211208,
2211224,
2211216,
2211217,
